PRAGMA foreign_keys=OFF;
BEGIN TRANSACTION;
CREATE TABLE IF NOT EXISTS "django_migrations" ("id" integer NOT NULL PRIMARY KEY AUTOINCREMENT, "app" varchar(255) NOT NULL, "name" varchar(255) NOT NULL, "applied" datetime NOT NULL);
INSERT INTO django_migrations VALUES(1,'contenttypes','0001_initial','2024-10-02 16:18:30.675912');
INSERT INTO django_migrations VALUES(2,'contenttypes','0002_remove_content_type_name','2024-10-02 16:18:30.686791');
INSERT INTO django_migrations VALUES(3,'auth','0001_initial','2024-10-02 16:18:30.704898');
INSERT INTO django_migrations VALUES(4,'auth','0002_alter_permission_name_max_length','2024-10-02 16:18:30.713263');
INSERT INTO django_migrations VALUES(5,'auth','0003_alter_user_email_max_length','2024-10-02 16:18:30.721597');
INSERT INTO django_migrations VALUES(6,'auth','0004_alter_user_username_opts','2024-10-02 16:18:30.729060');
INSERT INTO django_migrations VALUES(7,'auth','0005_alter_user_last_login_null','2024-10-02 16:18:30.738602');
INSERT INTO django_migrations VALUES(8,'auth','0006_require_contenttypes_0002','2024-10-02 16:18:30.741605');
INSERT INTO django_migrations VALUES(9,'auth','0007_alter_validators_add_error_messages','2024-10-02 16:18:30.749926');
INSERT INTO django_migrations VALUES(10,'auth','0008_alter_user_username_max_length','2024-10-02 16:18:30.759969');
INSERT INTO django_migrations VALUES(11,'auth','0009_alter_user_last_name_max_length','2024-10-02 16:18:30.766869');
INSERT INTO django_migrations VALUES(12,'auth','0010_alter_group_name_max_length','2024-10-02 16:18:30.777506');
INSERT INTO django_migrations VALUES(13,'auth','0011_update_proxy_permissions','2024-10-02 16:18:30.786979');
INSERT INTO django_migrations VALUES(14,'auth','0012_alter_user_first_name_max_length','2024-10-02 16:18:30.794319');
INSERT INTO django_migrations VALUES(15,'accounts','0001_initial','2024-10-02 16:18:30.845176');
INSERT INTO django_migrations VALUES(16,'rooms','0001_initial','2024-10-02 16:18:30.863443');
INSERT INTO django_migrations VALUES(17,'accounts','0002_initial','2024-10-02 16:18:30.880542');
INSERT INTO django_migrations VALUES(18,'admin','0001_initial','2024-10-02 16:18:30.896542');
INSERT INTO django_migrations VALUES(19,'admin','0002_logentry_remove_auto_add','2024-10-02 16:18:30.914643');
INSERT INTO django_migrations VALUES(20,'admin','0003_logentry_add_action_flag_choices','2024-10-02 16:18:30.929350');
INSERT INTO django_migrations VALUES(21,'adminpanel','0001_initial','2024-10-02 16:18:30.985489');
INSERT INTO django_migrations VALUES(22,'authtoken','0001_initial','2024-10-02 16:18:31.003776');
INSERT INTO django_migrations VALUES(23,'authtoken','0002_auto_20160226_1747','2024-10-02 16:18:31.050738');
INSERT INTO django_migrations VALUES(24,'authtoken','0003_tokenproxy','2024-10-02 16:18:31.055967');
INSERT INTO django_migrations VALUES(25,'authtoken','0004_alter_tokenproxy_options','2024-10-02 16:18:31.062532');
INSERT INTO django_migrations VALUES(26,'sessions','0001_initial','2024-10-02 16:18:31.072672');
INSERT INTO django_migrations VALUES(27,'adminpanel','0002_alter_grades_options','2024-10-02 16:10:39.267135');
INSERT INTO django_migrations VALUES(28,'rooms','0002_seatingposition','2024-10-03 04:35:53.177107');
CREATE TABLE IF NOT EXISTS "django_content_type" ("id" integer NOT NULL PRIMARY KEY AUTOINCREMENT, "app_label" varchar(100) NOT NULL, "model" varchar(100) NOT NULL);
INSERT INTO django_content_type VALUES(1,'admin','logentry');
INSERT INTO django_content_type VALUES(2,'auth','permission');
INSERT INTO django_content_type VALUES(3,'auth','group');
INSERT INTO django_content_type VALUES(4,'contenttypes','contenttype');
INSERT INTO django_content_type VALUES(5,'sessions','session');
INSERT INTO django_content_type VALUES(6,'accounts','customuser');
INSERT INTO django_content_type VALUES(7,'accounts','admin');
INSERT INTO django_content_type VALUES(8,'accounts','parent');
INSERT INTO django_content_type VALUES(9,'accounts','teacher');
INSERT INTO django_content_type VALUES(10,'accounts','student');
INSERT INTO django_content_type VALUES(11,'authtoken','token');
INSERT INTO django_content_type VALUES(12,'authtoken','tokenproxy');
INSERT INTO django_content_type VALUES(13,'adminpanel','semester');
INSERT INTO django_content_type VALUES(14,'adminpanel','plannedlesson');
INSERT INTO django_content_type VALUES(15,'adminpanel','lesson');
INSERT INTO django_content_type VALUES(16,'adminpanel','studyweek');
INSERT INTO django_content_type VALUES(17,'adminpanel','grades');
INSERT INTO django_content_type VALUES(18,'rooms','room');
INSERT INTO django_content_type VALUES(19,'rooms','seatingposition');
CREATE TABLE IF NOT EXISTS "auth_group_permissions" ("id" integer NOT NULL PRIMARY KEY AUTOINCREMENT, "group_id" integer NOT NULL REFERENCES "auth_group" ("id") DEFERRABLE INITIALLY DEFERRED, "permission_id" integer NOT NULL REFERENCES "auth_permission" ("id") DEFERRABLE INITIALLY DEFERRED);
CREATE TABLE IF NOT EXISTS "auth_permission" ("id" integer NOT NULL PRIMARY KEY AUTOINCREMENT, "content_type_id" integer NOT NULL REFERENCES "django_content_type" ("id") DEFERRABLE INITIALLY DEFERRED, "codename" varchar(100) NOT NULL, "name" varchar(255) NOT NULL);
INSERT INTO auth_permission VALUES(1,1,'add_logentry','Can add log entry');
INSERT INTO auth_permission VALUES(2,1,'change_logentry','Can change log entry');
INSERT INTO auth_permission VALUES(3,1,'delete_logentry','Can delete log entry');
INSERT INTO auth_permission VALUES(4,1,'view_logentry','Can view log entry');
INSERT INTO auth_permission VALUES(5,2,'add_permission','Can add permission');
INSERT INTO auth_permission VALUES(6,2,'change_permission','Can change permission');
INSERT INTO auth_permission VALUES(7,2,'delete_permission','Can delete permission');
INSERT INTO auth_permission VALUES(8,2,'view_permission','Can view permission');
INSERT INTO auth_permission VALUES(9,3,'add_group','Can add group');
INSERT INTO auth_permission VALUES(10,3,'change_group','Can change group');
INSERT INTO auth_permission VALUES(11,3,'delete_group','Can delete group');
INSERT INTO auth_permission VALUES(12,3,'view_group','Can view group');
INSERT INTO auth_permission VALUES(13,4,'add_contenttype','Can add content type');
INSERT INTO auth_permission VALUES(14,4,'change_contenttype','Can change content type');
INSERT INTO auth_permission VALUES(15,4,'delete_contenttype','Can delete content type');
INSERT INTO auth_permission VALUES(16,4,'view_contenttype','Can view content type');
INSERT INTO auth_permission VALUES(17,5,'add_session','Can add session');
INSERT INTO auth_permission VALUES(18,5,'change_session','Can change session');
INSERT INTO auth_permission VALUES(19,5,'delete_session','Can delete session');
INSERT INTO auth_permission VALUES(20,5,'view_session','Can view session');
INSERT INTO auth_permission VALUES(21,6,'add_customuser','Can add custom user');
INSERT INTO auth_permission VALUES(22,6,'change_customuser','Can change custom user');
INSERT INTO auth_permission VALUES(23,6,'delete_customuser','Can delete custom user');
INSERT INTO auth_permission VALUES(24,6,'view_customuser','Can view custom user');
INSERT INTO auth_permission VALUES(25,7,'add_admin','Can add Admin');
INSERT INTO auth_permission VALUES(26,7,'change_admin','Can change Admin');
INSERT INTO auth_permission VALUES(27,7,'delete_admin','Can delete Admin');
INSERT INTO auth_permission VALUES(28,7,'view_admin','Can view Admin');
INSERT INTO auth_permission VALUES(29,8,'add_parent','Can add Parent');
INSERT INTO auth_permission VALUES(30,8,'change_parent','Can change Parent');
INSERT INTO auth_permission VALUES(31,8,'delete_parent','Can delete Parent');
INSERT INTO auth_permission VALUES(32,8,'view_parent','Can view Parent');
INSERT INTO auth_permission VALUES(33,9,'add_teacher','Can add Teacher');
INSERT INTO auth_permission VALUES(34,9,'change_teacher','Can change Teacher');
INSERT INTO auth_permission VALUES(35,9,'delete_teacher','Can delete Teacher');
INSERT INTO auth_permission VALUES(36,9,'view_teacher','Can view Teacher');
INSERT INTO auth_permission VALUES(37,10,'add_student','Can add Student');
INSERT INTO auth_permission VALUES(38,10,'change_student','Can change Student');
INSERT INTO auth_permission VALUES(39,10,'delete_student','Can delete Student');
INSERT INTO auth_permission VALUES(40,10,'view_student','Can view Student');
INSERT INTO auth_permission VALUES(41,11,'add_token','Can add Token');
INSERT INTO auth_permission VALUES(42,11,'change_token','Can change Token');
INSERT INTO auth_permission VALUES(43,11,'delete_token','Can delete Token');
INSERT INTO auth_permission VALUES(44,11,'view_token','Can view Token');
INSERT INTO auth_permission VALUES(45,12,'add_tokenproxy','Can add Token');
INSERT INTO auth_permission VALUES(46,12,'change_tokenproxy','Can change Token');
INSERT INTO auth_permission VALUES(47,12,'delete_tokenproxy','Can delete Token');
INSERT INTO auth_permission VALUES(48,12,'view_tokenproxy','Can view Token');
INSERT INTO auth_permission VALUES(49,13,'add_semester','Can add Semester');
INSERT INTO auth_permission VALUES(50,13,'change_semester','Can change Semester');
INSERT INTO auth_permission VALUES(51,13,'delete_semester','Can delete Semester');
INSERT INTO auth_permission VALUES(52,13,'view_semester','Can view Semester');
INSERT INTO auth_permission VALUES(53,14,'add_plannedlesson','Can add Planned Lesson');
INSERT INTO auth_permission VALUES(54,14,'change_plannedlesson','Can change Planned Lesson');
INSERT INTO auth_permission VALUES(55,14,'delete_plannedlesson','Can delete Planned Lesson');
INSERT INTO auth_permission VALUES(56,14,'view_plannedlesson','Can view Planned Lesson');
INSERT INTO auth_permission VALUES(57,15,'add_lesson','Can add Lesson');
INSERT INTO auth_permission VALUES(58,15,'change_lesson','Can change Lesson');
INSERT INTO auth_permission VALUES(59,15,'delete_lesson','Can delete Lesson');
INSERT INTO auth_permission VALUES(60,15,'view_lesson','Can view Lesson');
INSERT INTO auth_permission VALUES(61,16,'add_studyweek','Can add Study Week');
INSERT INTO auth_permission VALUES(62,16,'change_studyweek','Can change Study Week');
INSERT INTO auth_permission VALUES(63,16,'delete_studyweek','Can delete Study Week');
INSERT INTO auth_permission VALUES(64,16,'view_studyweek','Can view Study Week');
INSERT INTO auth_permission VALUES(65,17,'add_grades','Can add Điểm');
INSERT INTO auth_permission VALUES(66,17,'change_grades','Can change Điểm');
INSERT INTO auth_permission VALUES(67,17,'delete_grades','Can delete Điểm');
INSERT INTO auth_permission VALUES(68,17,'view_grades','Can view Điểm');
INSERT INTO auth_permission VALUES(69,18,'add_room','Can add room');
INSERT INTO auth_permission VALUES(70,18,'change_room','Can change room');
INSERT INTO auth_permission VALUES(71,18,'delete_room','Can delete room');
INSERT INTO auth_permission VALUES(72,18,'view_room','Can view room');
INSERT INTO auth_permission VALUES(73,19,'add_seatingposition','Can add Seating Position');
INSERT INTO auth_permission VALUES(74,19,'change_seatingposition','Can change Seating Position');
INSERT INTO auth_permission VALUES(75,19,'delete_seatingposition','Can delete Seating Position');
INSERT INTO auth_permission VALUES(76,19,'view_seatingposition','Can view Seating Position');
CREATE TABLE IF NOT EXISTS "auth_group" ("id" integer NOT NULL PRIMARY KEY AUTOINCREMENT, "name" varchar(150) NOT NULL UNIQUE);
CREATE TABLE IF NOT EXISTS "accounts_customuser" ("password" varchar(128) NOT NULL, "user_id" varchar(8) NOT NULL PRIMARY KEY, "username" varchar(255) NOT NULL UNIQUE, "email" varchar(255) NULL UNIQUE, "phone_number" varchar(32) NULL UNIQUE, "is_parent" bool NOT NULL, "is_student" bool NOT NULL, "is_teacher" bool NOT NULL, "is_admin" bool NOT NULL, "is_active" bool NOT NULL, "is_staff" bool NOT NULL, "is_superuser" bool NOT NULL, "date_joined" datetime NOT NULL, "last_login" datetime NOT NULL);
INSERT INTO accounts_customuser VALUES('pbkdf2_sha256$720000$9lLawTKV5Wqe1ieo0JiVlC$OsfCrd7PLes/039rOzv351HNNUZPUsYZnT5oW4zvikY=','111','admin',NULL,NULL,0,0,0,0,1,1,1,'2024-10-02 12:36:00.086865','2024-10-02 16:20:07.054101');
INSERT INTO accounts_customuser VALUES('pbkdf2_sha256$720000$mSwJzjorgdX46TcjkWaj57$bvWp+3JnDb6uz3iG/M/YRyIzZAwFZt4FOqa+E/3Ey3M=','3501020793','3501020793',NULL,'0919256282',0,0,1,0,1,0,0,'2024-10-02 12:57:23.587624','2024-10-02 12:57:23.587624');
INSERT INTO accounts_customuser VALUES('pbkdf2_sha256$720000$kbe6erXP9Y7AMW1SHdlYRP$KVtxZGhOQTLEKrqP3gjz9g5r2kQckgJafhFw2xe7Jgk=','3500090543','3500090543',NULL,'0914642988',0,0,1,0,1,0,0,'2024-10-02 12:57:24.856960','2024-10-02 12:57:24.856960');
INSERT INTO accounts_customuser VALUES('pbkdf2_sha256$720000$MgDoadnBoKh437qxr4X5AM$Xf6usXtgT87cB0g/dJ/4De8BUoFB7+rZN9i/BiaLgSc=','3501030854','3501030854',NULL,'0856623058',0,0,1,0,1,0,0,'2024-10-02 12:57:26.032319','2024-10-02 12:57:26.032319');
INSERT INTO accounts_customuser VALUES('pbkdf2_sha256$720000$OtrwPpoxPZuXcgFZKAQFS9$WiC2pTwJWtHP6Xfq/aggZBoVjr+MID+6vjHY8bcF75c=','3501030456','3501030456',NULL,'0913851076',0,0,0,1,1,0,0,'2024-10-02 12:57:27.199582','2024-10-02 12:57:27.199582');
INSERT INTO accounts_customuser VALUES('pbkdf2_sha256$720000$9RmMJ30OzCQLsjM3SFYaVT$RIwKgfw3v+qLMFymvSQO28N2F2ErdgyQPcambOPI01s=','3502926196','3502926196',NULL,'0946765162',0,0,1,0,1,0,0,'2024-10-02 12:57:28.291421','2024-10-02 12:57:28.291421');
INSERT INTO accounts_customuser VALUES('pbkdf2_sha256$720000$vVsSmzVd3kNIGrrRHxpXg6$WdXMoCCUBSXE++ip6F/qFOiLo6zgX3iUfLSUyVMXd+8=','3501020794','3501020794',NULL,'0944738948',0,0,1,0,1,0,0,'2024-10-02 12:57:29.524553','2024-10-02 12:57:29.524553');
INSERT INTO accounts_customuser VALUES('pbkdf2_sha256$720000$0fPsPhbq0IEy0nUWu7ziCZ$NbjcNQGhO3QoYhGPFQtVJvmbg7P99swZzAMs03z51A0=','3501020795','3501020795',NULL,'0915826640',0,0,1,0,1,0,0,'2024-10-02 12:57:30.631569','2024-10-02 12:57:30.631569');
INSERT INTO accounts_customuser VALUES('pbkdf2_sha256$720000$8IieSACasFLEoqEr73VruV$4BE0lP7oUH7zApL4z36j/dXBJLgjj2BbicOfJTHCIo0=','3502631624','3502631624',NULL,'0919956385',0,0,1,0,1,0,0,'2024-10-02 12:57:31.778705','2024-10-02 12:57:31.778705');
INSERT INTO accounts_customuser VALUES('pbkdf2_sha256$720000$dJz104FlepPRqqsq66Os50$PV2OUwkZyZ/luQ9rCb9FmfUotckDfv55R4Mb85Fdd9w=','3501020796','3501020796',NULL,'0915028666',0,0,0,1,1,0,0,'2024-10-02 12:57:32.915989','2024-10-02 12:57:32.915989');
INSERT INTO accounts_customuser VALUES('pbkdf2_sha256$720000$gZFRBBUyG0kNE9m5nnj1yj$6Wa9nm/7p9H96t0r3zWC6A3qowTLBOl6e5AU8rrmiuM=','3501020797','3501020797',NULL,'0913201182',0,0,1,0,1,0,0,'2024-10-02 12:57:34.103725','2024-10-02 12:57:34.103725');
INSERT INTO accounts_customuser VALUES('pbkdf2_sha256$720000$d6yikSJwP6Q1m5ry9cJ10J$pm54Kt/guPYL36oI2cU+kewpP9/Hddl39Bkb8zoH8PA=','3501020856','3501020856',NULL,'0912929619',0,0,1,0,1,0,0,'2024-10-02 12:57:35.299280','2024-10-02 12:57:35.299280');
INSERT INTO accounts_customuser VALUES('pbkdf2_sha256$720000$8SVEEoquadDmiGZI4n5VXS$bAq3sfuQ3+GTAB+eGaSXWu3ry0i6tcJ3OwY40BQVo58=','3501020798','3501020798',NULL,'0912444050',0,0,1,0,1,0,0,'2024-10-02 12:57:36.435432','2024-10-02 12:57:36.435432');
INSERT INTO accounts_customuser VALUES('pbkdf2_sha256$720000$Qei1xsNn5lqffGcquc4lam$zifSWhjCJJOY4mneSyVW6QCVWahw3ncHryVWtpphjBg=','3501020799','3501020799',NULL,'0969177889',0,0,1,0,1,0,0,'2024-10-02 12:57:37.580522','2024-10-02 12:57:37.580522');
INSERT INTO accounts_customuser VALUES('pbkdf2_sha256$720000$TpvZXGSxwyXxY8k7afed7Z$U8zGxMIfPjYyQ7Fsdi6xq88oP66XzbizkiHvc9I4FNA=','3501020913','3501020913',NULL,'0984823963',0,0,1,0,1,0,0,'2024-10-02 12:57:38.787116','2024-10-02 12:57:38.787116');
INSERT INTO accounts_customuser VALUES('pbkdf2_sha256$720000$IT0kTwvH8Xp2ZOKKgX7P1E$V4LmgVWgLaHP88Xq21v65xBys7VHLFQvINi+igrIXIY=','3501020800','3501020800',NULL,'0889676262',0,0,1,0,1,0,0,'2024-10-02 12:57:39.940453','2024-10-02 12:57:39.940453');
INSERT INTO accounts_customuser VALUES('pbkdf2_sha256$720000$bJVgYOkPc5x5TS3HJlPP9v$5ZZ63jNWPeMkN5X7QGQipggANq/Hj7Yvc+AAmXY0yBw=','3501020802','3501020802',NULL,'0904692377',0,0,1,0,1,0,0,'2024-10-02 12:57:41.125387','2024-10-02 12:57:41.125387');
INSERT INTO accounts_customuser VALUES('pbkdf2_sha256$720000$qNYUMhhDfxUhwUGU3u6Z65$DQpYXCwyU02QRkuWTeWPpVKqRbin4GLJsHnTlCfw0S8=','3502486138','3502486138',NULL,'0945562799',0,0,0,1,1,0,0,'2024-10-02 12:57:42.263049','2024-10-02 12:57:42.263049');
INSERT INTO accounts_customuser VALUES('pbkdf2_sha256$720000$pfePalr2keiEeRmAEhzrfh$wxx+u+Opd5sQWxw8ssApugH3HKFDtCjJ0rwMyIxjm/Q=','3501020804','3501020804',NULL,'0773366113',0,0,1,0,1,0,0,'2024-10-02 12:57:43.415247','2024-10-02 12:57:43.415247');
INSERT INTO accounts_customuser VALUES('pbkdf2_sha256$720000$d2VMplhq9VdNod1DhSNBRa$N++u4lRpj5aOTsNFIz9HS8GFfFN51+ZM30dUyvUTdBg=','3500822728','3500822728',NULL,'0912687478',0,0,1,0,1,0,0,'2024-10-02 12:57:44.521129','2024-10-02 12:57:44.521129');
INSERT INTO accounts_customuser VALUES('pbkdf2_sha256$720000$9KuZU5s2YyDDJ995ZDtG00$o87fNaRtidLSHghd87Ewa7dWjZA5uG/yJhH5gp+mSFY=','3501020805','3501020805',NULL,'0859145688',0,0,1,0,1,0,0,'2024-10-02 12:57:45.600446','2024-10-02 12:57:45.601610');
INSERT INTO accounts_customuser VALUES('pbkdf2_sha256$720000$npWhklnqjpWwGrPOexdzxf$ycmyQtZ1gUCg7zcJx9Bq3xgn6C7G2ga+huUskEeGjk4=','3501020806','3501020806',NULL,'0916165256',0,0,1,0,1,0,0,'2024-10-02 12:57:46.682921','2024-10-02 12:57:46.682921');
INSERT INTO accounts_customuser VALUES('pbkdf2_sha256$720000$uKMMCspeJY8rBpMgoHE02H$e2lyyqVQjC/N8iW3ksqszioXOTfRZ2UlXQTJdQGEuC0=','3501020807','3501020807',NULL,'0918578822',0,0,1,0,1,0,0,'2024-10-02 12:57:47.869347','2024-10-02 12:57:47.869347');
INSERT INTO accounts_customuser VALUES('pbkdf2_sha256$720000$bVgzx3r6hMtxEKneLDhWbW$yH8RiqA6RhKl+KHa/1JXTTc+NeP1647yvg4e8LyoYP4=','3501020808','3501020808',NULL,'0945977066',0,0,1,0,1,0,0,'2024-10-02 12:57:49.078210','2024-10-02 12:57:49.078210');
INSERT INTO accounts_customuser VALUES('pbkdf2_sha256$720000$pwi3KJQOXjLs5VppZpRdCg$w+CQilABt8Kwmlv47fdila7rSzq1p/ES0UrpHPZ9IuI=','3501020809','3501020809',NULL,'0983025608',0,0,1,0,1,0,0,'2024-10-02 12:57:50.213606','2024-10-02 12:57:50.213606');
INSERT INTO accounts_customuser VALUES('pbkdf2_sha256$720000$EUrjCEtfjcUOsyzso3GcQL$nUdSN+YwoElPYXSqr5mQlgftqbS4n5zzmOcmhI6Jvq4=','3501020836','3501020836',NULL,'0987158968',0,0,1,0,1,0,0,'2024-10-02 12:57:51.341900','2024-10-02 12:57:51.341900');
INSERT INTO accounts_customuser VALUES('pbkdf2_sha256$720000$f4mRAIgm1YFjNzoUrJFRGC$Dk8wT9Wa6rn0QmnkftFSn7X5/SbEHhMVtq2VJ+mZQL0=','3501020811','3501020811',NULL,'0944612935',0,0,1,0,1,0,0,'2024-10-02 12:57:52.479947','2024-10-02 12:57:52.479947');
INSERT INTO accounts_customuser VALUES('pbkdf2_sha256$720000$m75zhyauXkxhsvBXaTvmxv$8Tibe4ZayJLticJMveX2OmyKbi4NlT4Dk9WzX3oxmJc=','3501020812','3501020812',NULL,'0915521980',0,0,1,0,1,0,0,'2024-10-02 12:57:53.622215','2024-10-02 12:57:53.622215');
INSERT INTO accounts_customuser VALUES('pbkdf2_sha256$720000$ylgTPmXvANe78X3HqoW2T2$05v1GzFrZo0+bvWnWOwMZ+nU9yE2aAxeX/YSfsQyWoA=','3501020838','3501020838',NULL,'0918561628',0,0,1,0,1,0,0,'2024-10-02 12:57:54.723801','2024-10-02 12:57:54.723801');
INSERT INTO accounts_customuser VALUES('pbkdf2_sha256$720000$1MGYQ33Yku2wqSRlMrhcjB$qSUpH5oMFSIiZt5Fc73F9/Lqscw1KwmJJHBNo0l0nwc=','3502959355','3502959355',NULL,'0988967479',0,0,1,0,1,0,0,'2024-10-02 12:57:55.794483','2024-10-02 12:57:55.794483');
INSERT INTO accounts_customuser VALUES('pbkdf2_sha256$720000$RGcp3I7gRipQMvHMhBQJGT$NZDjRFdWUFAAbvkkriZusJqEaXd6cG0a1Dndb0ehr4Q=','3501020814','3501020814',NULL,'0915128299',0,0,1,0,1,0,0,'2024-10-02 12:57:56.933225','2024-10-02 12:57:56.933225');
INSERT INTO accounts_customuser VALUES('pbkdf2_sha256$720000$YzXm5V2n3fb75OY10pFPI6$1wsVUVcq7/iJQqKBBuaKY//uQoH8OLR6r0NmoZEzr1c=','3501020815','3501020815',NULL,'0988980919',0,0,1,0,1,0,0,'2024-10-02 12:57:58.137708','2024-10-02 12:57:58.137708');
INSERT INTO accounts_customuser VALUES('pbkdf2_sha256$720000$NiUJqv3WUBOlTkGJsmbXNX$6AM/3lIUM0Cu8Bpq+dBpmoTFEtCzlZbzUiIGvalYFLc=','3501017346','3501017346',NULL,'0916937589',0,0,1,0,1,0,0,'2024-10-02 12:57:59.269451','2024-10-02 12:57:59.269451');
INSERT INTO accounts_customuser VALUES('pbkdf2_sha256$720000$vg6D0WONn2fYkDFry2pcCq$DWiEeFzFxpNbyDYKERQbTimXSkrUpWqd6JJ5EimSlow=','3502631622','3502631622',NULL,'0946108535',0,0,1,0,1,0,0,'2024-10-02 12:58:00.420349','2024-10-02 12:58:00.420349');
INSERT INTO accounts_customuser VALUES('pbkdf2_sha256$720000$Ev3MnfZgoll5uGllpQQmBa$SCpe/sD0c/0QAEl+RK/TSegArBU17u8e8AyvFNtUh2s=','3501020837','3501020837',NULL,'0918188582',0,0,1,0,1,0,0,'2024-10-02 12:58:01.783908','2024-10-02 12:58:01.783908');
INSERT INTO accounts_customuser VALUES('pbkdf2_sha256$720000$fr6qbNyjfCCmnyetY84qWE$zFu/vm1agyKdT543GwXz3PxZ9n+j444KWv9f9yaAiWE=','3501020817','3501020817',NULL,'0949589527',0,0,1,0,1,0,0,'2024-10-02 12:58:02.960683','2024-10-02 12:58:02.960683');
INSERT INTO accounts_customuser VALUES('pbkdf2_sha256$720000$5uZYGt3s5ZKBlugMMjAWdN$ejGQ294h7vYI0ZGrTJ3No/R2a3GGNVxVOx+PU92/9NI=','3501020818','3501020818',NULL,'0915262129',0,0,1,0,1,0,0,'2024-10-02 12:58:04.115339','2024-10-02 12:58:04.115339');
INSERT INTO accounts_customuser VALUES('pbkdf2_sha256$720000$8KLR3r38Psfad20bnnsrQQ$o1HbhziZFVfLlukL4gp4p8vEnw4g72K5AUEuJYBgv6g=','3500813510','3500813510',NULL,'0914948467',0,0,1,0,1,0,0,'2024-10-02 12:58:05.270262','2024-10-02 12:58:05.270262');
INSERT INTO accounts_customuser VALUES('pbkdf2_sha256$720000$oLbNXiNuGLEUOOmtDpJqrb$Fd2hZBMG3E841eqZaTkRi+jxlEzCwMpuShiGQG3MtFE=','3502935950','3502935950','newemail@example.com','84987654321',0,0,1,0,1,0,0,'2024-10-02 12:58:06.389295','2024-10-02 16:29:18.356189');
INSERT INTO accounts_customuser VALUES('pbkdf2_sha256$720000$YjStoz7JkvsyKlIzdufrdy$sWS/5QJCn5ZxY7bhK/ei4SS0ZlOYQ2eDt56HrSw6gSM=','3501020819','3501020819',NULL,'0392239162',0,0,1,0,1,0,0,'2024-10-02 12:58:07.506717','2024-10-02 12:58:07.506717');
INSERT INTO accounts_customuser VALUES('pbkdf2_sha256$720000$bmWZwggcORM3woieevJvVU$SzECEncBGjx9QdGYcjp0J2aVnvvyzcHoJld9ZOJI+sE=','3501944116','3501944116',NULL,'0973246879',0,0,1,0,1,0,0,'2024-10-02 12:58:08.684641','2024-10-02 12:58:08.684641');
INSERT INTO accounts_customuser VALUES('pbkdf2_sha256$720000$5oZ17yIsG0XxhluoYb1rr9$+WJAvrlUOEueJHtG/Urwy+FlIpCLOLz1juVDlBwjH4o=','3501020820','3501020820',NULL,'0912283860',0,0,1,0,1,0,0,'2024-10-02 12:58:09.788104','2024-10-02 12:58:09.788104');
INSERT INTO accounts_customuser VALUES('pbkdf2_sha256$720000$IYyaqq6dYEdIrfb4wy0iWs$sojk5Yd104i0h1ItSJofDJSrktAy0/bh3JCjNyMKfjo=','3501020821','3501020821',NULL,'0934503897',0,0,1,0,1,0,0,'2024-10-02 12:58:10.879749','2024-10-02 12:58:10.879749');
INSERT INTO accounts_customuser VALUES('pbkdf2_sha256$720000$7hdcwXW5wEcWN5AHQ634vF$WB1Yo3o2knrJMDEffDVId5WTUFGjDtIRwYSfcYwmgP8=','3500070820','3500070820',NULL,'0932350666',0,0,1,0,1,0,0,'2024-10-02 12:58:11.968074','2024-10-02 12:58:11.968074');
INSERT INTO accounts_customuser VALUES('pbkdf2_sha256$720000$kPlqnX6TR45JVvxPd8UOTf$Tg5CMKEYWeaCN+BOV5fJGz4JZwM0iyBfKmrx2pQm59Q=','3501020824','3501020824',NULL,'0983197576',0,0,1,0,1,0,0,'2024-10-02 12:58:13.069695','2024-10-02 12:58:13.069695');
INSERT INTO accounts_customuser VALUES('pbkdf2_sha256$720000$f0iQ42toiupdJBDyxg8NGl$vu2YnZ15S/gLvQm2GwueoGJuLl5J6jnGIi5IH3CPf0s=','3501020825','3501020825',NULL,'0916564329',0,0,1,0,1,0,0,'2024-10-02 12:58:14.152093','2024-10-02 12:58:14.152093');
INSERT INTO accounts_customuser VALUES('pbkdf2_sha256$720000$OfsWer9BBLFGzUJqKs1zjg$aXPwp5TdGdj+tCmIOmeBykm9vjgCay929dN/taO/Quw=','3501020826','3501020826',NULL,'0912137191',0,0,1,0,1,0,0,'2024-10-02 12:58:15.249046','2024-10-02 12:58:15.249046');
INSERT INTO accounts_customuser VALUES('pbkdf2_sha256$720000$2NNcBWBYEkwNtcMMmMdFpT$6VmSaT9HKo3r++a9kIFgWAA8XtnDsQWSpxq6Y6g3bCo=','3501020827','3501020827',NULL,'0949091898',0,0,1,0,1,0,0,'2024-10-02 12:58:16.535537','2024-10-02 12:58:16.535537');
INSERT INTO accounts_customuser VALUES('pbkdf2_sha256$720000$3Waf34VeuHmQHoHcwGJqJ2$G/Auql+vJ+TwBJXsPzrYXnDx9GYSJamWe8vQJKPkirQ=','3501020829','3501020829',NULL,'0942473388',0,0,1,0,1,0,0,'2024-10-02 12:58:17.683799','2024-10-02 12:58:17.683799');
INSERT INTO accounts_customuser VALUES('pbkdf2_sha256$720000$5IJHZBO4RalmGUCyQLdk5i$tbUJxDH7w2+tfbXaXD5QeiNrERHGUDj3UPaqJ5XOZto=','3501553089','3501553089',NULL,'0982328174',0,0,1,0,1,0,0,'2024-10-02 12:58:18.818599','2024-10-02 12:58:18.818599');
INSERT INTO accounts_customuser VALUES('pbkdf2_sha256$720000$LoQ0scgZWkM3p35QWhfZFD$hEPxCFhL4LK5Wzq9rZD1c/NYp3a4VwXTHRm/h2Nj0Do=','3501020839','3501020839',NULL,'0944990891',0,0,1,0,1,0,0,'2024-10-02 12:58:19.916873','2024-10-02 12:58:19.916873');
INSERT INTO accounts_customuser VALUES('pbkdf2_sha256$720000$b6oE2GIYOXQFBbTl8E3oH1$IvtaIgCNkXoUd3vI4Hi+J2kMOm+VW0THRuglsD0luyg=','3501020830','3501020830',NULL,'0856625803',0,0,1,0,1,0,0,'2024-10-02 12:58:21.037685','2024-10-02 12:58:21.037685');
INSERT INTO accounts_customuser VALUES('pbkdf2_sha256$720000$sxUOtzFx4hsnOMIAyszs53$GrJ+hKiMWryCa57WrDPJQryPebJXDC/hBCRnHwQXnSY=','3501020831','3501020831',NULL,'0987366770',0,0,1,0,1,0,0,'2024-10-02 12:58:22.136844','2024-10-02 12:58:22.136844');
INSERT INTO accounts_customuser VALUES('pbkdf2_sha256$720000$DN9iji1GrfOdvBUJNPTAm0$qAbHUczUparh4Zpie9kUPCVlR46o0ZUl2Jdf2DYeBgI=','3501020832','3501020832',NULL,'0888685333',0,0,1,0,1,0,0,'2024-10-02 12:58:23.205760','2024-10-02 12:58:23.205760');
INSERT INTO accounts_customuser VALUES('pbkdf2_sha256$720000$FSnzF4gH3xvucBtSl1p4YF$0qi1MMzsFGKBMPRdBNyTFYOfN/pie3IZA9ffNLg7Vo0=','3501020833','3501020833',NULL,'0976440356',0,0,1,0,1,0,0,'2024-10-02 12:58:24.321838','2024-10-02 12:58:24.321838');
INSERT INTO accounts_customuser VALUES('pbkdf2_sha256$720000$kV6lRHfFCTrp2zTZToHSKJ$4cC03RwzdREFJb1rnLUj+YF0Go2iKTAdzRk8Y9EygFA=','3502631587','3502631587',NULL,'0822815666',0,0,1,0,1,0,0,'2024-10-02 12:58:25.581814','2024-10-02 12:58:25.581814');
INSERT INTO accounts_customuser VALUES('pbkdf2_sha256$720000$1kSiuiPGQL7TGTJL8IJcmY$wslf+LVdDYTAh28jt0NTSnuZpoe3/0X2A3LDm2K9Ux0=','3502960979','3502960979',NULL,'0912166548',0,0,1,0,1,0,0,'2024-10-02 12:58:26.663686','2024-10-02 12:58:26.663686');
INSERT INTO accounts_customuser VALUES('pbkdf2_sha256$720000$HfMbBAbbo71hAdnZkvccnu$QPEVNqK3RVgbFU2YsPmTLb7caFx/hIr/hioTNY4iQd8=','3501020834','3501020834',NULL,'0983835657',0,0,1,0,1,0,0,'2024-10-02 12:58:27.775442','2024-10-02 12:58:27.776442');
INSERT INTO accounts_customuser VALUES('pbkdf2_sha256$720000$RwwwjNuM4ZxZFP02mhG3r3$xsdGC+ceGKClpL9QxNA/ar9Zya+PWpdlJZWE7A+4w2c=','3500829442','3500829442',NULL,'0394048785',0,0,1,0,1,0,0,'2024-10-02 12:58:28.896766','2024-10-02 12:58:28.896766');
INSERT INTO accounts_customuser VALUES('pbkdf2_sha256$720000$O7dWzf2GIVp9STKB6lXHnr$j5Qy/epvpy6+0Bxn+8fHtgZjht4EBbFArKphKkOyC3w=','3501020835','3501020835',NULL,'0984530217',0,0,1,0,1,0,0,'2024-10-02 12:58:29.998598','2024-10-02 12:58:29.998598');
INSERT INTO accounts_customuser VALUES('pbkdf2_sha256$720000$kM1GySlxpoHGmt74DlVvFs$WWwtEa7u4tUn6xx3RbhO9AgI1O492fvPBR7b0bQyn3o=','3581635860','3581635860',NULL,NULL,0,1,0,0,1,0,0,'2024-10-02 13:00:39.873291','2024-10-02 13:00:39.873291');
INSERT INTO accounts_customuser VALUES('pbkdf2_sha256$720000$yo2BWTS62nuXPpXFOEJvxv$SqL8h3CAPleWEnd122pB7nTa7jK0yNpUeP9CPZq0ycw=','3581635894','3581635894',NULL,NULL,0,1,0,0,1,0,0,'2024-10-02 13:00:41.275558','2024-10-02 13:00:41.275558');
INSERT INTO accounts_customuser VALUES('pbkdf2_sha256$720000$14IlGn095OF3RmqgX5YrhM$pl54FCzKeBNHwtp/SCN5XlMQEY0FzVYgalA4irjRpNU=','3581635904','3581635904',NULL,NULL,0,1,0,0,1,0,0,'2024-10-02 13:00:42.426066','2024-10-02 13:00:42.426066');
INSERT INTO accounts_customuser VALUES('pbkdf2_sha256$720000$SuR30NJuSv7BbMJARPG6JN$448ISp8eIQ2B/vFbOBmt0hAU119Fkzzgg1qUWOZGQpE=','3581635861','3581635861',NULL,NULL,0,1,0,0,1,0,0,'2024-10-02 13:00:43.638087','2024-10-02 13:00:43.638087');
INSERT INTO accounts_customuser VALUES('pbkdf2_sha256$720000$MjE2qsTlTJMeksJxbXhjdH$aI5GEzT7p5g5A5s1gbAqpdTlkqmbJC5ku/ikJH2zt7M=','0181635895','0181635895',NULL,NULL,0,1,0,0,1,0,0,'2024-10-02 13:00:44.856151','2024-10-02 13:00:44.857174');
INSERT INTO accounts_customuser VALUES('pbkdf2_sha256$720000$r9m8IdxJLezhNW5MIQ5LAx$G49aHCOSoahpMnU/snYTyl4zvcCkA1z4lVmukW7ghGQ=','3581635896','3581635896',NULL,NULL,0,1,0,0,1,0,0,'2024-10-02 13:00:46.017371','2024-10-02 13:00:46.018363');
INSERT INTO accounts_customuser VALUES('pbkdf2_sha256$720000$H0Mcr7qZbb6g7ebW3FTBU9$0dI9nBIwr6D2rUGqUxAp6z2SQGyI0rQghbCtm65SpFk=','3581635862','3581635862',NULL,NULL,0,1,0,0,1,0,0,'2024-10-02 13:00:47.250547','2024-10-02 13:00:47.250547');
INSERT INTO accounts_customuser VALUES('pbkdf2_sha256$720000$OHzwcdHNR4aJ0w4BMwauzl$pIIpxrZm/1V/4NUBUpKExkR0qq2WC7raXQpVC/3Yt/8=','3681635897','3681635897',NULL,NULL,0,1,0,0,1,0,0,'2024-10-02 13:00:48.409797','2024-10-02 13:00:48.409797');
INSERT INTO accounts_customuser VALUES('pbkdf2_sha256$720000$fJoachqd8gUpXKqpTzZErw$kHplmROu+NzsrqbJ6dOW8jR/IMBc3PMvqpSXqSjyGWw=','3581635863','3581635863',NULL,NULL,0,1,0,0,1,0,0,'2024-10-02 13:00:49.548366','2024-10-02 13:00:49.548366');
INSERT INTO accounts_customuser VALUES('pbkdf2_sha256$720000$TfeDLhP5BWs0NYsL8kkrqh$9HWoDv1If2udNV1mxx05N1AVtPXZx+c3OkQQSGEM248=','3581635898','3581635898',NULL,NULL,0,1,0,0,1,0,0,'2024-10-02 13:00:50.746353','2024-10-02 13:00:50.746353');
INSERT INTO accounts_customuser VALUES('pbkdf2_sha256$720000$e1EMFsGLRmR4FT0E6fKbFX$sEYDRrRwOCBJTAAH9ji4y9PCWfORutaQyNyhq9AMiw8=','3581635864','3581635864',NULL,NULL,0,1,0,0,1,0,0,'2024-10-02 13:00:51.969098','2024-10-02 13:00:51.969098');
INSERT INTO accounts_customuser VALUES('pbkdf2_sha256$720000$SUtb1LscRwIOhKcZg7oppQ$u7nS093sgIqwsE4RJDHCLCywYdVWuQU2fY7d3QhUkOk=','3581635865','3581635865',NULL,NULL,0,1,0,0,1,0,0,'2024-10-02 13:00:53.233023','2024-10-02 13:00:53.233023');
INSERT INTO accounts_customuser VALUES('pbkdf2_sha256$720000$o3WuynHXJuTcJzKWuEavh2$6NBt/fydE1XisYm0TWr5mrmdWiLgCZdXjbDl/hMz6B0=','3581635866','3581635866',NULL,NULL,0,1,0,0,1,0,0,'2024-10-02 13:00:54.402786','2024-10-02 13:00:54.402786');
INSERT INTO accounts_customuser VALUES('pbkdf2_sha256$720000$kvtcwXfe4nAyfneY8ijKMD$6frZwFvAPJGh6MeL4a+JlU8ZRVUXv3zTMkxzTA/XkY8=','3559720098','3559720098',NULL,NULL,0,1,0,0,1,0,0,'2024-10-02 13:00:55.549296','2024-10-02 13:00:55.549296');
INSERT INTO accounts_customuser VALUES('pbkdf2_sha256$720000$D5rGPW2nrtPpBn4vIvUVSB$nBJ/v7S8UQcmyFXZicCHySXbRjS40z2zOsDkX0unLNc=','3581635867','3581635867',NULL,NULL,0,1,0,0,1,0,0,'2024-10-02 13:00:56.890598','2024-10-02 13:00:56.891632');
INSERT INTO accounts_customuser VALUES('pbkdf2_sha256$720000$oCW8i1xNiu5Pw8TIdDyj8y$YWRna0/J7mFdPIIV2arTWY7ifnEZZhwpO2w8ZtLhQfs=','3528750704','3528750704',NULL,NULL,0,1,0,0,1,0,0,'2024-10-02 13:00:58.079428','2024-10-02 13:00:58.079428');
INSERT INTO accounts_customuser VALUES('pbkdf2_sha256$720000$Ep4Jmqu16KiU8NtwLBShto$IbDAt9E7MrBm+EjrygDZLUu4J9a3FpRhO5MMrNgcMSQ=','3581635868','3581635868',NULL,NULL,0,1,0,0,1,0,0,'2024-10-02 13:00:59.259425','2024-10-02 13:00:59.259425');
INSERT INTO accounts_customuser VALUES('pbkdf2_sha256$720000$mIJSJJElL8u7Ne7esUxdAH$KPivdVxM0IOZukKqHM7qKcSooUhbPIgtQQplaQGQ0FI=','3581635869','3581635869',NULL,NULL,0,1,0,0,1,0,0,'2024-10-02 13:01:00.427433','2024-10-02 13:01:00.427433');
INSERT INTO accounts_customuser VALUES('pbkdf2_sha256$720000$UrJVGM1xoj5ibEXupnmgUs$yqAeccSLEmCtBu7LwbxeuNe3uBIdvXnUp0fYDZfJC7Q=','3581635899','3581635899',NULL,NULL,0,1,0,0,1,0,0,'2024-10-02 13:01:01.594782','2024-10-02 13:01:01.594782');
INSERT INTO accounts_customuser VALUES('pbkdf2_sha256$720000$klglRuGHAmVD6tuSekmlnG$cFmdqC5W0TC/iEo3usnoXxLbvUL2WUOrdBSjBMJAKXY=','3581635870','3581635870',NULL,NULL,0,1,0,0,1,0,0,'2024-10-02 13:01:02.746308','2024-10-02 13:01:02.746308');
INSERT INTO accounts_customuser VALUES('pbkdf2_sha256$720000$3Pjs2gSrTpMabbXOcl57CG$gYhJVGVicAOcJJiXchHX9777Gj9SknGOtf47Y1Hf7GM=','3581635871','3581635871',NULL,NULL,0,1,0,0,1,0,0,'2024-10-02 13:01:03.923260','2024-10-02 13:01:03.923260');
INSERT INTO accounts_customuser VALUES('pbkdf2_sha256$720000$uNkN6RyRIqQnKbVDNzHsuB$qI1v/kbw399/srK4i8ltpfkxr9cQ+fBymd5DS4QHdOg=','3511512803','3511512803',NULL,NULL,0,1,0,0,1,0,0,'2024-10-02 13:01:05.308263','2024-10-02 13:01:05.308263');
INSERT INTO accounts_customuser VALUES('pbkdf2_sha256$720000$NVHsuIcoWyQAM9HmoHnWem$CWhidl1HJRg5MlDMwy02qcog8Kbv7V0ru1OLkkWHTgI=','3581635872','3581635872',NULL,NULL,0,1,0,0,1,0,0,'2024-10-02 13:01:06.677182','2024-10-02 13:01:06.677182');
INSERT INTO accounts_customuser VALUES('pbkdf2_sha256$720000$dwl4bqgEiyEzInssOg0TRp$Q6FpEVuxcx+F8nnPsPNSoTlOInogVEiDH22ntvTlxvs=','3581635873','3581635873',NULL,NULL,0,1,0,0,1,0,0,'2024-10-02 13:01:08.689365','2024-10-02 13:01:08.689365');
INSERT INTO accounts_customuser VALUES('pbkdf2_sha256$720000$xr0J5LNIr4YiU9Hx50KKEr$eXEmPwAv1K8WA4Obng3GIKLMa0x9s2ntvNMmaP6E9rE=','3581635874','3581635874',NULL,NULL,0,1,0,0,1,0,0,'2024-10-02 13:01:10.551982','2024-10-02 13:01:10.551982');
INSERT INTO accounts_customuser VALUES('pbkdf2_sha256$720000$dj0BybwgvRDgRFbxBdt1yr$UvDsie1JfBRfx8zZbZ7SbwRnWVdwC7hLM5iBYdekUPE=','3581635875','3581635875',NULL,NULL,0,1,0,0,1,0,0,'2024-10-02 13:01:15.180571','2024-10-02 13:01:15.180571');
INSERT INTO accounts_customuser VALUES('pbkdf2_sha256$720000$GxqkGi45p22dfsKFkBFehH$Bu5NrwY+ulUJU93h12n4W0dK1xScnnYSnNY6w7bOkZE=','3581635876','3581635876',NULL,NULL,0,1,0,0,1,0,0,'2024-10-02 13:01:17.242855','2024-10-02 13:01:17.242855');
INSERT INTO accounts_customuser VALUES('pbkdf2_sha256$720000$inxDtrsQxYQXDybhiIM6EJ$y0yyoCm/oR2QsydhQ6ql2AGp7bChQAk+i2fg4wqopGA=','3581635877','3581635877',NULL,NULL,0,1,0,0,1,0,0,'2024-10-02 13:01:19.689064','2024-10-02 13:01:19.689064');
INSERT INTO accounts_customuser VALUES('pbkdf2_sha256$720000$kakYowpzLkyRsHDb4aYy7A$HLk9mKaqSJoAVPL6HCccGPrTWBm0rK3Xdp/zGFxH4fo=','3504839060','3504839060',NULL,NULL,0,1,0,0,1,0,0,'2024-10-02 13:01:21.792086','2024-10-02 13:01:21.792086');
INSERT INTO accounts_customuser VALUES('pbkdf2_sha256$720000$b8oVoTNP9R3mo7nB9Va1yv$rnz7VSb3zY+5oeoJvmP1eOAOFi9NifGpEtIxZXJY97Y=','3581635878','3581635878',NULL,NULL,0,1,0,0,1,0,0,'2024-10-02 13:01:23.840825','2024-10-02 13:01:23.840825');
INSERT INTO accounts_customuser VALUES('pbkdf2_sha256$720000$95nkmEuj3OPmxHsTik7lra$oYZefn+Wv+d9frhf8DtYiZkGCsW+xYRGMHbJ8EUPLrc=','3528750891','3528750891',NULL,NULL,0,1,0,0,1,0,0,'2024-10-02 13:01:25.729515','2024-10-02 13:01:25.729515');
INSERT INTO accounts_customuser VALUES('pbkdf2_sha256$720000$HFw1tK8hO4zABIrCx9F0Yk$cx3eC8fI3tPLdgert2O6J6CX1p+1bnHPSDMNEQEwdT4=','3581635879','3581635879',NULL,NULL,0,1,0,0,1,0,0,'2024-10-02 13:01:27.841612','2024-10-02 13:01:27.841612');
INSERT INTO accounts_customuser VALUES('pbkdf2_sha256$720000$BFuNfKP0VIdglxs6slNMxw$9rNQtMtRparFEw0B7OvaOp20yUxKuHT/3VBu+lcZ+OU=','3528750855','3528750855',NULL,NULL,0,1,0,0,1,0,0,'2024-10-02 13:01:29.698311','2024-10-02 13:01:29.698311');
INSERT INTO accounts_customuser VALUES('pbkdf2_sha256$720000$Wwx3dvzrB013VoQHCJY0Lb$XHm7TBX2B5t6u8ejKzkwMcRkzdFkN4XGD+MbnTJlU+A=','3581635880','3581635880',NULL,NULL,0,1,0,0,1,0,0,'2024-10-02 13:01:31.840595','2024-10-02 13:01:31.840595');
INSERT INTO accounts_customuser VALUES('pbkdf2_sha256$720000$qoHOT6MnT5JPVCi2fuNztz$onIg3SYYbjDSh2RetEx2j00T2cTyYXVo6eLrPVA1CJc=','3581635881','3581635881',NULL,NULL,0,1,0,0,1,0,0,'2024-10-02 13:01:33.806049','2024-10-02 13:01:33.806049');
INSERT INTO accounts_customuser VALUES('pbkdf2_sha256$720000$nDtnK7KlVb2Oef0CgdklRA$+K9m3UbUcV4Zm47yA/VNdq9N6Sm0vzgZq0feRZH9MeM=','3581635900','3581635900',NULL,NULL,0,1,0,0,1,0,0,'2024-10-02 13:01:35.367945','2024-10-02 13:01:35.368957');
INSERT INTO accounts_customuser VALUES('pbkdf2_sha256$720000$xedDHPtww4pmnYJqV4LIkW$a9QtFbQ9E8mrDBcHnteDkowNmzubidMLBdsw/Nlrjvo=','3581635882','3581635882',NULL,NULL,0,1,0,0,1,0,0,'2024-10-02 13:01:36.946217','2024-10-02 13:01:36.946217');
INSERT INTO accounts_customuser VALUES('pbkdf2_sha256$720000$uiBrt3A9AYBV4wqFAsB803$fvYDx3jvOyXPArb434BM3mVUNxZWKclMbDq7kPo+rSY=','3581635883','3581635883',NULL,NULL,0,1,0,0,1,0,0,'2024-10-02 13:01:38.280681','2024-10-02 13:01:38.280681');
INSERT INTO accounts_customuser VALUES('pbkdf2_sha256$720000$4rpKrnI7aT2qw1MqcH0Cyv$AzebpfuicIDxOVdR0H4G4FQ4VDtkAopaotl+VQXWlk8=','3581635884','3581635884',NULL,NULL,0,1,0,0,1,0,0,'2024-10-02 13:01:39.539045','2024-10-02 13:01:39.539045');
INSERT INTO accounts_customuser VALUES('pbkdf2_sha256$720000$AWCpRm1S1yqbyFQDDQl3i9$GcJLKpFvkfMzWADy/SQT65YosfnHtJKXm/KJLsY3oWc=','3581635885','3581635885',NULL,NULL,0,1,0,0,1,0,0,'2024-10-02 13:01:40.894587','2024-10-02 13:01:40.894587');
INSERT INTO accounts_customuser VALUES('pbkdf2_sha256$720000$ZoqaXVfS8g8y8oRKSDYXPt$HKN3TRVIaY93VCL5bLS6EBgveN9vGrt23IE82dc/1aA=','3528751026','3528751026',NULL,NULL,0,1,0,0,1,0,0,'2024-10-02 13:01:42.374329','2024-10-02 13:01:42.374329');
INSERT INTO accounts_customuser VALUES('pbkdf2_sha256$720000$LxNKWWPK3IprsXDJDlNdGY$GxIcUqrWTSdpqhFfUPgYB5gcDMamMuAXOh116sPzDKY=','3528751029','3528751029',NULL,NULL,0,1,0,0,1,0,0,'2024-10-02 13:01:43.659220','2024-10-02 13:01:43.659220');
INSERT INTO accounts_customuser VALUES('pbkdf2_sha256$720000$hM83RtaRXCFkZt7Can8UuV$0kUvD9ZiNFZPdPrtfjB71NcUOCqMbi6k2XcYR5o/R48=','3581635901','3581635901',NULL,NULL,0,1,0,0,1,0,0,'2024-10-02 13:01:45.120701','2024-10-02 13:01:45.120701');
INSERT INTO accounts_customuser VALUES('pbkdf2_sha256$720000$99PMomGADoAlrleLzIYFeK$q3zMRWDyrOiw5VxM/aWKEgQRWaQuP9OS8EyB/J9Vnto=','3581635905','3581635905',NULL,NULL,0,1,0,0,1,0,0,'2024-10-02 13:01:46.529086','2024-10-02 13:01:46.529086');
INSERT INTO accounts_customuser VALUES('pbkdf2_sha256$720000$evHiJUawZ25gAIwXqSoFtS$Mah1ICFmroK7u6lFOSPufb0asnALS8EHH4buCalHdIE=','3581635886','3581635886',NULL,NULL,0,1,0,0,1,0,0,'2024-10-02 13:01:48.259201','2024-10-02 13:01:48.259201');
INSERT INTO accounts_customuser VALUES('pbkdf2_sha256$720000$1yKyiBJVDn4Tkagy2zvQEp$BmTdtRXleOSMpxZoA6f9JoI3yxXg3ujvooOEKfpYU9U=','3581635887','3581635887',NULL,NULL,0,1,0,0,1,0,0,'2024-10-02 13:01:49.623243','2024-10-02 13:01:49.623243');
INSERT INTO accounts_customuser VALUES('pbkdf2_sha256$720000$EwV6DUiOBhoPFJjtcnIJvm$olJQwy3OsYL1K3T3i3fXVmKiEhXcRBIhA5h+wKsiiz4=','3581635888','3581635888',NULL,NULL,0,1,0,0,1,0,0,'2024-10-02 13:01:51.024115','2024-10-02 13:01:51.024115');
INSERT INTO accounts_customuser VALUES('pbkdf2_sha256$720000$ss5fsWhhgKy6S7TnGmJ6ji$OQwh4+bJLljPhTUjJ4rItPp8AegwEjvXyGrQ/X30MVg=','3581635889','3581635889',NULL,NULL,0,1,0,0,1,0,0,'2024-10-02 13:01:52.281749','2024-10-02 13:01:52.281749');
INSERT INTO accounts_customuser VALUES('pbkdf2_sha256$720000$BpQ9CL2Kbe33lYAfcdDKOy$exB8ZjCY+w8QFJBgNbJuCBnkMZ2rDTVehR9Ov7EO0oQ=','3581635890','3581635890',NULL,NULL,0,1,0,0,1,0,0,'2024-10-02 13:01:53.474743','2024-10-02 13:01:53.474743');
INSERT INTO accounts_customuser VALUES('pbkdf2_sha256$720000$42diCsD2SzGGNIKVTPY5eb$g6pde/HDD1Q0cjrB1pKjB5TO5ChOD/tn2419Jr/0RBc=','3581635891','3581635891',NULL,NULL,0,1,0,0,1,0,0,'2024-10-02 13:01:54.800105','2024-10-02 13:01:54.800105');
INSERT INTO accounts_customuser VALUES('pbkdf2_sha256$720000$SrDGle5aW0qy1ZprWYlqPJ$mWK5ovorY2TOS46xigElzwtzotywHCSVm/eKLajEPBI=','0984785896','0984785896',NULL,'0984785896',1,0,0,0,1,0,0,'2024-10-02 13:04:55.779566','2024-10-02 13:04:55.779566');
INSERT INTO accounts_customuser VALUES('pbkdf2_sha256$720000$BSjvqqlRhZFkxAoLVDlFnu$S+A5dpBhh5CLVJDt2FDz2NVdeHKbTZ/flc14xgK3c+k=','0336212256','0336212256',NULL,'0336212256',1,0,0,0,1,0,0,'2024-10-02 13:04:56.944622','2024-10-02 13:04:56.944622');
INSERT INTO accounts_customuser VALUES('pbkdf2_sha256$720000$84t0UtdoF1S9FqKfAoInKv$sDestoxERpY0fHI4JwHBjRV2Wr4/bmoUV/Nai69VvtM=','0325255623','0325255623',NULL,'0325255623',1,0,0,0,1,0,0,'2024-10-02 13:04:58.158409','2024-10-02 13:04:58.158409');
INSERT INTO accounts_customuser VALUES('your_password','','teacher_username','teacher@example.com','0841234567',0,0,0,0,1,0,0,'2024-10-02 14:39:41.467256','2024-10-02 14:39:41.467256');
CREATE TABLE IF NOT EXISTS "accounts_customuser_groups" ("id" integer NOT NULL PRIMARY KEY AUTOINCREMENT, "customuser_id" varchar(8) NOT NULL REFERENCES "accounts_customuser" ("user_id") DEFERRABLE INITIALLY DEFERRED, "group_id" integer NOT NULL REFERENCES "auth_group" ("id") DEFERRABLE INITIALLY DEFERRED);
CREATE TABLE IF NOT EXISTS "accounts_customuser_user_permissions" ("id" integer NOT NULL PRIMARY KEY AUTOINCREMENT, "customuser_id" varchar(8) NOT NULL REFERENCES "accounts_customuser" ("user_id") DEFERRABLE INITIALLY DEFERRED, "permission_id" integer NOT NULL REFERENCES "auth_permission" ("id") DEFERRABLE INITIALLY DEFERRED);
CREATE TABLE IF NOT EXISTS "Admin" ("user_id" varchar(8) NOT NULL PRIMARY KEY REFERENCES "accounts_customuser" ("user_id") DEFERRABLE INITIALLY DEFERRED, "full_name" varchar(255) NOT NULL, "sex" varchar(32) NULL, "day_of_birth" date NULL, "nation" varchar(32) NULL, "active_status" varchar(355) NULL, "contract_types" varchar(255) NULL, "expertise_levels" varchar(255) NULL, "description" varchar(32) NULL);
INSERT INTO Admin VALUES('3501030456','Nguyễn Xuân Bình','Nam','1978-05-21','Kinh','Đang làm việc','Viên chức/Công chức HĐLV không xác định thời hạn','Thạc sĩ','Hiệu trưởng');
INSERT INTO Admin VALUES('3501020796','Lê Quỳnh Dương','Nữ','1974-10-20','Kinh','Đang làm việc','Viên chức/Công chức HĐLV không xác định thời hạn','Đại học sư phạm','Phó hiệu trưởng');
INSERT INTO Admin VALUES('3502486138','Phạm Thị Hồng Hạnh','Nữ','1981-02-17','Kinh','Đang làm việc','Viên chức/Công chức HĐLV không xác định thời hạn','Đại học sư phạm','Phó hiệu trưởng');
CREATE TABLE IF NOT EXISTS "Parent" ("user_id" varchar(8) NOT NULL PRIMARY KEY REFERENCES "accounts_customuser" ("user_id") DEFERRABLE INITIALLY DEFERRED, "full_name" varchar(255) NOT NULL, "address" varchar(255) NULL);
INSERT INTO Parent VALUES('0984785896','Lê Minh Tiến','Ngõ 158 Trương Đinh, Phường Trương Định, Quận Hai Bà Trưng, TP Hà Nội - Gần bến xe Giáp Bát, Cách Bách Khoa 1.7KM, Cách Bạch Mai 1.5km.');
INSERT INTO Parent VALUES('0336212256','Nguyễn Tuấn Anh',NULL);
INSERT INTO Parent VALUES('0325255623','Nguyễn Minh Hiếu',NULL);
CREATE TABLE IF NOT EXISTS "Teacher" ("user_id" varchar(8) NOT NULL PRIMARY KEY REFERENCES "accounts_customuser" ("user_id") DEFERRABLE INITIALLY DEFERRED, "full_name" varchar(255) NOT NULL, "sex" varchar(32) NULL, "day_of_birth" date NULL, "nation" varchar(32) NULL, "active_status" varchar(355) NULL, "contract_types" varchar(255) NULL, "expertise_levels" varchar(255) NULL, "subjects" text NULL);
INSERT INTO Teacher VALUES('3501020793','Phạm Thị Quỳnh Anh','Nữ','1980-10-11','Kinh','Đang làm việc','Viên chức/Công chức HĐLV không xác định thời hạn','Đại học sư phạm','Toán');
INSERT INTO Teacher VALUES('3500090543','Trần Thị Ngọc Ánh','Nữ','1981-09-20','Kinh','Đang làm việc','Viên chức/Công chức HĐLV không xác định thời hạn','Đại học sư phạm','Ngữ văn');
INSERT INTO Teacher VALUES('3501030854','Nguyễn Thị Bình','Nữ','1976-08-24','Kinh','Đang làm việc','Viên chức/Công chức HĐLV không xác định thời hạn','Cao đẳng sư phạm','Ngữ văn');
INSERT INTO Teacher VALUES('3502926196','Trần Thanh Bình','Nam','1978-08-25','Kinh','Đang làm việc','Viên chức/Công chức HĐLV không xác định thời hạn','Đại học sư phạm','Toán');
INSERT INTO Teacher VALUES('3501020794','Trịnh Thị Kim Chuyên','Nữ','1979-11-19','Kinh','Đang làm việc','Viên chức/Công chức HĐLV không xác định thời hạn','Đại học sư phạm','Ngữ văn');
INSERT INTO Teacher VALUES('3501020795','Hoàng Thị Đam','Nữ','1981-10-21','Kinh','Đang làm việc','Viên chức/Công chức HĐLV không xác định thời hạn','Đại học sư phạm','Ngữ văn');
INSERT INTO Teacher VALUES('3502631624','Nguyễn Thị Dung','Nữ','1977-10-05','Kinh','Đang làm việc','Viên chức/Công chức HĐLV không xác định thời hạn','Đại học sư phạm','Toán');
INSERT INTO Teacher VALUES('3501020797','Trần Thị Duyên','Nữ','1982-11-20','Kinh','Đang làm việc','Viên chức/Công chức HĐLV không xác định thời hạn','Đại học sư phạm','Sinh học');
INSERT INTO Teacher VALUES('3501020856','Đặng Linh Giang','Nữ','1975-11-11','Kinh','Đang làm việc','Viên chức/Công chức HĐLV không xác định thời hạn','Đại học sư phạm','Ngữ văn');
INSERT INTO Teacher VALUES('3501020798','Nguyễn Thị Hà Giang','Nữ','1976-04-10','Kinh','Đang làm việc','Viên chức/Công chức HĐLV không xác định thời hạn','Đại học sư phạm','Tiếng Anh');
INSERT INTO Teacher VALUES('3501020799','Trần Thị Hương Giang','Nữ','1977-02-11','Kinh','Đang làm việc','Viên chức/Công chức HĐLV không xác định thời hạn','Đại học sư phạm','Toán');
INSERT INTO Teacher VALUES('3501020913','Nguyễn Huy Hà','Nam','1976-10-29','Kinh','Đang làm việc','Viên chức/Công chức HĐLV không xác định thời hạn','Đại học sư phạm','Ngữ văn');
INSERT INTO Teacher VALUES('3501020800','Trương Thị Hà','Nữ','1982-06-03','Kinh','Đang làm việc','Viên chức/Công chức HĐLV không xác định thời hạn','Đại học sư phạm','Toán');
INSERT INTO Teacher VALUES('3501020802','Nguyễn Thị Hằng','Nữ','1979-09-13','Kinh','Đang làm việc','Viên chức/Công chức HĐLV không xác định thời hạn','Đại học sư phạm','Ngữ văn');
INSERT INTO Teacher VALUES('3501020804','Trần Thị Hữu Hạnh','Nữ','1979-05-10','Kinh','Đang làm việc','Viên chức/Công chức HĐLV không xác định thời hạn','Đại học sư phạm','Mỹ thuật');
INSERT INTO Teacher VALUES('3500822728','Trần Thị Hảo','Nữ','1980-06-13','Kinh','Đang làm việc','Viên chức/Công chức HĐLV không xác định thời hạn','Đại học sư phạm','Ngữ văn');
INSERT INTO Teacher VALUES('3501020805','Nguyễn Thị Thu Hiền','Nữ','1970-12-11','Kinh','Đang làm việc','Viên chức/Công chức HĐLV không xác định thời hạn','Cao đẳng sư phạm','Âm nhạc');
INSERT INTO Teacher VALUES('3501020806','Tạ Thu Hiền','Nữ','1979-06-03','Kinh','Đang làm việc','Viên chức/Công chức HĐLV không xác định thời hạn','Đại học sư phạm','Tin học');
INSERT INTO Teacher VALUES('3501020807','Trần Thị Hiền','Nữ','1973-07-30','Kinh','Đang làm việc','Viên chức/Công chức HĐLV không xác định thời hạn','Cao đẳng sư phạm','Ngữ văn');
INSERT INTO Teacher VALUES('3501020808','Đoàn Thị Hoà','Nữ','1978-01-23','Kinh','Đang làm việc','Viên chức/Công chức HĐLV không xác định thời hạn','Đại học sư phạm','Hóa học');
INSERT INTO Teacher VALUES('3501020809','Nguyễn Thị Thu Hoà','Nữ','1981-02-24','Kinh','Đang làm việc','Viên chức/Công chức HĐLV không xác định thời hạn','Đại học sư phạm','Khoa học tự nhiên');
INSERT INTO Teacher VALUES('3501020836','Phan Lư Hoàng','Nam','1978-04-08','Kinh','Đang làm việc','Viên chức/Công chức HĐLV không xác định thời hạn','Đại học sư phạm','Ngữ văn');
INSERT INTO Teacher VALUES('3501020811','Ngô Thị Hồng','Nữ','1977-06-22','Kinh','Đang làm việc','Viên chức/Công chức HĐLV không xác định thời hạn','Đại học sư phạm','Ngữ văn');
INSERT INTO Teacher VALUES('3501020812','Bùi Hồng Vân Hương','Nữ','1980-11-29','Kinh','Đang làm việc','Viên chức/Công chức HĐLV không xác định thời hạn','Đại học sư phạm','Ngữ văn');
INSERT INTO Teacher VALUES('3501020838','Đinh Thị Hương','Nữ','1986-02-06','Kinh','Đang làm việc','Viên chức/Công chức HĐLV không xác định thời hạn','Đại học sư phạm','Thể dục');
INSERT INTO Teacher VALUES('3502959355','Vũ Thị Hương','Nữ','1977-07-24','Kinh','Đang làm việc','Viên chức/Công chức HĐLV không xác định thời hạn','Đại học sư phạm','Ngữ văn');
INSERT INTO Teacher VALUES('3501020814','Hoàng Thị Thu Hường','Nữ','1980-06-01','Kinh','Đang làm việc','Viên chức/Công chức HĐLV không xác định thời hạn','Đại học sư phạm','Địa lý');
INSERT INTO Teacher VALUES('3501020815','Trịnh Thị Thu Hường','Nữ','1979-09-29','Kinh','Đang làm việc','Viên chức/Công chức HĐLV không xác định thời hạn','Đại học sư phạm','Ngữ văn');
INSERT INTO Teacher VALUES('3501017346','Đỗ Thị Thu Huyền','Nữ','1981-05-21','Kinh','Đang làm việc','Viên chức/Công chức HĐLV không xác định thời hạn','Đại học sư phạm','Toán');
INSERT INTO Teacher VALUES('3502631622','Hoàng Thị Thu Huyền','Nữ','1978-05-08','Kinh','Đang làm việc','Viên chức/Công chức HĐLV không xác định thời hạn','Đại học sư phạm','Tiếng Anh');
INSERT INTO Teacher VALUES('3501020837','Trần Thị Lan','Nữ','1977-12-27','Kinh','Đang làm việc','Viên chức/Công chức HĐLV không xác định thời hạn','Đại học sư phạm','Lịch sử');
INSERT INTO Teacher VALUES('3501020817','Mai Thị Lành','Nữ','1976-12-26','Kinh','Đang làm việc','Viên chức/Công chức HĐLV không xác định thời hạn','Đại học sư phạm','Tiếng Anh');
INSERT INTO Teacher VALUES('3501020818','Nguyễn Thị Thuý Liệu','Nữ','1984-09-04','Kinh','Đang làm việc','Viên chức/Công chức HĐLV không xác định thời hạn','Đại học sư phạm','Hóa học');
INSERT INTO Teacher VALUES('3500813510','Nguyễn Thị Loan','Nữ','1979-04-19','Kinh','Đang làm việc','Viên chức/Công chức HĐLV xác định thời hạn','Đại học sư phạm','Ngữ văn');
INSERT INTO Teacher VALUES('3502935950','Vũ Thị Luân','Nữ','1983-02-11','Kinh','Đang làm việc','Viên chức/Công chức HĐLV không xác định thời hạn','Đại học sư phạm','Khoa học tự nhiên');
INSERT INTO Teacher VALUES('3501020819','Lại Thị Tuyết Mai','Nữ','1977-08-09','Kinh','Đang làm việc','Viên chức/Công chức HĐLV không xác định thời hạn','Đại học sư phạm','Toán');
INSERT INTO Teacher VALUES('3501944116','Nguyễn Hùng Minh','Nam','1980-10-11','Kinh','Đang làm việc','Viên chức/Công chức HĐLV không xác định thời hạn','Đại học sư phạm','Toán');
INSERT INTO Teacher VALUES('3501020820','Nguyễn Thị Thuý Ngà','Nữ','1984-12-03','Kinh','Đang làm việc','Viên chức/Công chức HĐLV không xác định thời hạn','Đại học sư phạm','Ngữ văn');
INSERT INTO Teacher VALUES('3501020821','Phạm Thanh Ngân','Nữ','1972-03-02','Kinh','Đang làm việc','Viên chức/Công chức HĐLV không xác định thời hạn','Đại học sư phạm','Ngữ văn');
INSERT INTO Teacher VALUES('3500070820','Trần Thị Ngọc','Nữ','1981-12-09','Kinh','Đang làm việc','Viên chức/Công chức HĐLV không xác định thời hạn','Đại học sư phạm','Toán');
INSERT INTO Teacher VALUES('3501020824','Phạm Thị Nhài','Nữ','1975-06-28','Kinh','Đang làm việc','Viên chức/Công chức HĐLV không xác định thời hạn','Đại học sư phạm','Công nghệ');
INSERT INTO Teacher VALUES('3501020825','Nguyễn Thị Hồng Nhung','Nữ','1971-10-30','Kinh','Đang làm việc','Viên chức/Công chức HĐLV không xác định thời hạn','Đại học sư phạm','Tiếng Anh');
INSERT INTO Teacher VALUES('3501020826','Trần Thị Hồng Nhung','Nữ','1979-05-20','Kinh','Đang làm việc','Viên chức/Công chức HĐLV không xác định thời hạn','Đại học sư phạm','Thể dục');
INSERT INTO Teacher VALUES('3501020827','Lê Thị Thanh Phương','Nữ','1971-11-03','Kinh','Đang làm việc','Viên chức/Công chức HĐLV không xác định thời hạn','Đại học sư phạm','Toán');
INSERT INTO Teacher VALUES('3501020829','Trần Công Phương','Nam','1978-04-09','Kinh','Đang làm việc','Viên chức/Công chức HĐLV không xác định thời hạn','Đại học sư phạm','Vật lý');
INSERT INTO Teacher VALUES('3501553089','Mai Thị Phượng','Nữ','1974-01-08','Kinh','Đang làm việc','Viên chức/Công chức HĐLV không xác định thời hạn','Thạc sĩ','Tiếng Anh');
INSERT INTO Teacher VALUES('3501020839','Phạm Thị Quyên','Nữ','1983-12-22','Kinh','Đang làm việc','Viên chức/Công chức HĐLV không xác định thời hạn','Đại học sư phạm','Toán');
INSERT INTO Teacher VALUES('3501020830','Nguyễn Thị Sâm','Nữ','1980-10-02','Kinh','Đang làm việc','Viên chức/Công chức HĐLV không xác định thời hạn','Đại học sư phạm','Toán');
INSERT INTO Teacher VALUES('3501020831','Trần Thị Hồng Tám','Nữ','1981-01-21','Kinh','Đang làm việc','Viên chức/Công chức HĐLV không xác định thời hạn','Đại học sư phạm','Vật lý');
INSERT INTO Teacher VALUES('3501020832','Trịnh Thị Thơm','Nữ','1979-01-17','Kinh','Đang làm việc','Viên chức/Công chức HĐLV không xác định thời hạn','Đại học sư phạm','Toán');
INSERT INTO Teacher VALUES('3501020833','Ninh Ngọc Thủy','Nữ','1984-06-17','Kinh','Đang làm việc','Viên chức/Công chức HĐLV không xác định thời hạn','Đại học sư phạm','Ngữ văn');
INSERT INTO Teacher VALUES('3502631587','Trần Thị Thu Thủy','Nữ','1977-09-22','Kinh','Đang làm việc','Viên chức/Công chức HĐLV không xác định thời hạn','Đại học sư phạm','Toán');
INSERT INTO Teacher VALUES('3502960979','Lê Khánh Trường','Nam','1978-03-01','Kinh','Đang làm việc','Viên chức/Công chức HĐLV không xác định thời hạn','Đại học sư phạm','Thể dục');
INSERT INTO Teacher VALUES('3501020834','Lê Thị Xuân','Nữ','1976-02-02','Kinh','Đang làm việc','Viên chức/Công chức HĐLV không xác định thời hạn','Cao đẳng sư phạm','Tiếng Anh');
INSERT INTO Teacher VALUES('3500829442','Nguyễn Thị Xuân','Nữ','1977-07-06','Kinh','Đang làm việc','Viên chức/Công chức HĐLV không xác định thời hạn','Đại học sư phạm','Sinh học');
INSERT INTO Teacher VALUES('3501020835','Đinh Thị Hải Yến','Nữ','1980-10-19','Kinh','Đang làm việc','Viên chức/Công chức HĐLV không xác định thời hạn','Đại học sư phạm','Toán');
CREATE TABLE IF NOT EXISTS "Student" ("user_id" varchar(8) NOT NULL PRIMARY KEY REFERENCES "accounts_customuser" ("user_id") DEFERRABLE INITIALLY DEFERRED, "full_name" varchar(255) NOT NULL, "sex" varchar(32) NULL, "day_of_birth" date NULL, "nation" varchar(32) NULL, "active_status" varchar(355) NULL, "parent_id" varchar(8) NULL REFERENCES "Parent" ("user_id") DEFERRABLE INITIALLY DEFERRED, "room_id" bigint NULL REFERENCES "room" ("id") DEFERRABLE INITIALLY DEFERRED);
INSERT INTO Student VALUES('3581635860','Nguyễn Trịnh Bảo An','Nam','2012-09-04','Kinh','Đang học',NULL,NULL);
INSERT INTO Student VALUES('3581635894','Cao Danh Hải Anh','Nam','2012-05-22','Kinh','Đang học',NULL,NULL);
INSERT INTO Student VALUES('3581635904','Hà Đặng Nhật Anh','Nam','2012-06-12','Kinh','Đang học',NULL,NULL);
INSERT INTO Student VALUES('3581635861','Nguyễn Đức Anh','Nam','2012-10-01','Kinh','Đang học',NULL,NULL);
INSERT INTO Student VALUES('0181635895','Vũ Mai Anh','Nữ','2012-12-12','Kinh','Đang học',NULL,NULL);
INSERT INTO Student VALUES('3581635896','Lê Chí Bảo','Nam','2012-10-22','Kinh','Đang học',NULL,NULL);
INSERT INTO Student VALUES('3581635862','Trần Quốc Bảo','Nam','2012-05-30','Kinh','Đang học',NULL,NULL);
INSERT INTO Student VALUES('3681635897','Nguyễn Cảnh Bình','Nam','2012-06-28','Kinh','Đang học',NULL,NULL);
INSERT INTO Student VALUES('3581635863','Trần Cảnh Bình','Nam','2012-07-26','Kinh','Đang học',NULL,NULL);
INSERT INTO Student VALUES('3581635898','Đặng Ngọc Doanh','Nam','2012-08-01','Kinh','Đang học',NULL,NULL);
INSERT INTO Student VALUES('3581635864','Vũ Anh Dũng','Nam','2012-10-05','Kinh','Đang học','0984785896',NULL);
INSERT INTO Student VALUES('3581635865','Phạm Minh Giang','Nữ','2012-11-27','Kinh','Đang học',NULL,NULL);
INSERT INTO Student VALUES('3581635866','Phan Hương Giang','Nữ','2012-01-08','Kinh','Đang học',NULL,NULL);
INSERT INTO Student VALUES('3559720098','Phùng Trường Giang','Nam','2012-09-11','Kinh','Đang học',NULL,NULL);
INSERT INTO Student VALUES('3581635867','Hoàng Gia Hân','Nữ','2012-08-18','Kinh','Đang học',NULL,NULL);
INSERT INTO Student VALUES('3528750704','Nguyễn Thị Phương Hiền','Nữ','2012-08-03','Kinh','Đang học','0325255623',NULL);
INSERT INTO Student VALUES('3581635868','Phạm Minh Hiếu','Nam','2012-01-14','Kinh','Đang học',NULL,NULL);
INSERT INTO Student VALUES('3581635869','Trần Thị Hải Hồng','Nữ','2012-10-26','Kinh','Đang học',NULL,NULL);
INSERT INTO Student VALUES('3581635899','Nguyễn Gia Hưng','Nam','2012-01-23','Kinh','Đang học',NULL,NULL);
INSERT INTO Student VALUES('3581635870','Phạm Gia Hưng','Nam','2012-06-30','Kinh','Đang học',NULL,NULL);
INSERT INTO Student VALUES('3581635871','Trần Bảo Hương','Nữ','2012-09-02','Kinh','Đang học',NULL,NULL);
INSERT INTO Student VALUES('3511512803','Phạm Ngân Khánh','Nữ','2012-07-23','Kinh','Đang học',NULL,NULL);
INSERT INTO Student VALUES('3581635872','Hoàng Tuệ Lâm','Nữ','2012-09-04','Kinh','Đang học',NULL,NULL);
INSERT INTO Student VALUES('3581635873','Nguyễn Hà Linh','Nữ','2012-07-15','Kinh','Đang học',NULL,NULL);
INSERT INTO Student VALUES('3581635874','Trần Mai Phương Linh','Nữ','2012-12-28','Kinh','Đang học',NULL,NULL);
INSERT INTO Student VALUES('3581635875','Phạm Bình Minh','Nam','2012-02-01','Kinh','Đang học',NULL,NULL);
INSERT INTO Student VALUES('3581635876','Nguyễn Thị Hà My','Nữ','2012-05-26','Kinh','Đang học',NULL,NULL);
INSERT INTO Student VALUES('3581635877','Nguyễn Thành Nam','Nam','2012-04-15','Kinh','Đang học',NULL,NULL);
INSERT INTO Student VALUES('3504839060','Vũ Nhật Nam','Nam','2012-11-23','Kinh','Đang học','0984785896',NULL);
INSERT INTO Student VALUES('3581635878','Nguyễn Thị Thu Ngân','Nữ','2012-10-05','Kinh','Đang học',NULL,NULL);
INSERT INTO Student VALUES('3528750891','Đỗ Bùi Bảo Ngọc','Nữ','2012-06-02','Kinh','Đang học',NULL,NULL);
INSERT INTO Student VALUES('3581635879','Lại Nguyên Ngọc','Nữ','2012-02-25','Kinh','Đang học',NULL,NULL);
INSERT INTO Student VALUES('3528750855','Trương Thị Minh Ngọc','Nữ','2012-08-15','Kinh','Đang học',NULL,NULL);
INSERT INTO Student VALUES('3581635880','Nguyễn Đăng Nguyên','Nam','2012-10-10','Kinh','Đang học',NULL,NULL);
INSERT INTO Student VALUES('3581635881','Vũ Bảo Nguyên','Nam','2012-09-25','Kinh','Đang học',NULL,NULL);
INSERT INTO Student VALUES('3581635900','Trần Thanh Nhàn','Nữ','2012-10-19','Kinh','Đang học',NULL,NULL);
INSERT INTO Student VALUES('3581635882','Nguyễn Linh Nhi','Nữ','2012-12-08','Kinh','Đang học',NULL,NULL);
INSERT INTO Student VALUES('3581635883','Trần Danh Phú','Nam','2012-05-30','Kinh','Đang học',NULL,NULL);
INSERT INTO Student VALUES('3581635884','Trần Vy Thảo','Nữ','2012-06-22','Kinh','Đang học',NULL,NULL);
INSERT INTO Student VALUES('3581635885','Chu Anh Thư','Nữ','2012-06-24','Kinh','Đang học',NULL,NULL);
INSERT INTO Student VALUES('3528751026','Bùi Bảo Trang','Nữ','2012-09-05','Kinh','Đang học','0336212256',NULL);
INSERT INTO Student VALUES('3528751029','Lê Thanh Trúc','Nữ','2012-10-02','Kinh','Đang học',NULL,NULL);
INSERT INTO Student VALUES('3581635901','Phạm Đức Tuyến','Nam','2012-07-30','Kinh','Đang học',NULL,NULL);
INSERT INTO Student VALUES('3581635905','Lê Lâm Uyên','Nữ','2012-02-11','Kinh','Đang học',NULL,NULL);
INSERT INTO Student VALUES('3581635886','Hoàng Hải Vân','Nữ','2012-02-28','Kinh','Đang học',NULL,NULL);
INSERT INTO Student VALUES('3581635887','Ngô Thị Khánh Vân','Nữ','2012-09-04','Kinh','Đang học',NULL,NULL);
INSERT INTO Student VALUES('3581635888','Phạm Khánh Vân','Nữ','2012-03-16','Kinh','Đang học',NULL,NULL);
INSERT INTO Student VALUES('3581635889','Nguyễn Hạ Vi','Nữ','2012-06-03','Kinh','Đang học',NULL,NULL);
INSERT INTO Student VALUES('3581635890','Nguyễn Minh Vũ','Nam','2012-05-21','Kinh','Đang học',NULL,NULL);
INSERT INTO Student VALUES('3581635891','Trần Thị Hải Yến','Nữ','2012-10-26','Kinh','Đang học',NULL,NULL);
CREATE TABLE IF NOT EXISTS "room" ("id" integer NOT NULL PRIMARY KEY AUTOINCREMENT, "room_name" varchar(127) NOT NULL UNIQUE, "homeroom_teacher_id" varchar(8) NOT NULL REFERENCES "accounts_customuser" ("user_id") DEFERRABLE INITIALLY DEFERRED);
CREATE TABLE IF NOT EXISTS "django_admin_log" ("id" integer NOT NULL PRIMARY KEY AUTOINCREMENT, "object_id" text NULL, "object_repr" varchar(200) NOT NULL, "action_flag" smallint unsigned NOT NULL CHECK ("action_flag" >= 0), "change_message" text NOT NULL, "content_type_id" integer NULL REFERENCES "django_content_type" ("id") DEFERRABLE INITIALLY DEFERRED, "user_id" varchar(8) NOT NULL REFERENCES "accounts_customuser" ("user_id") DEFERRABLE INITIALLY DEFERRED, "action_time" datetime NOT NULL);
CREATE TABLE IF NOT EXISTS "semester" ("semester" integer NOT NULL PRIMARY KEY, "day_begin" date NOT NULL, "number_of_weeks" integer NOT NULL);
INSERT INTO semester VALUES(20242,'2024-09-01',15);
CREATE TABLE IF NOT EXISTS "adminpanel_plannedlesson" ("id" integer NOT NULL PRIMARY KEY AUTOINCREMENT, "subject" varchar(20) NOT NULL, "lesson_number" integer NOT NULL, "name_lesson" varchar(100) NOT NULL, "semester_id" integer NOT NULL REFERENCES "semester" ("semester") DEFERRABLE INITIALLY DEFERRED);
INSERT INTO adminpanel_plannedlesson VALUES(1,'Toan',1,'Giới thiệu về số tự nhiên',20242);
CREATE TABLE IF NOT EXISTS "adminpanel_lesson" ("id" integer NOT NULL PRIMARY KEY AUTOINCREMENT, "day" date NOT NULL, "period_number" integer NOT NULL, "comment" text NULL, "evaluate" integer NULL, "room_id" bigint NOT NULL REFERENCES "room" ("id") DEFERRABLE INITIALLY DEFERRED, "teacher_id" varchar(8) NULL REFERENCES "Teacher" ("user_id") DEFERRABLE INITIALLY DEFERRED, "planned_lesson_id" bigint NULL REFERENCES "adminpanel_plannedlesson" ("id") DEFERRABLE INITIALLY DEFERRED, "semester_id" integer NOT NULL REFERENCES "semester" ("semester") DEFERRABLE INITIALLY DEFERRED);
CREATE TABLE IF NOT EXISTS "study_week" ("id" integer NOT NULL PRIMARY KEY AUTOINCREMENT, "week_number" integer NOT NULL, "semester_id" integer NOT NULL REFERENCES "semester" ("semester") DEFERRABLE INITIALLY DEFERRED);
CREATE TABLE IF NOT EXISTS "grades" ("id" integer NOT NULL PRIMARY KEY AUTOINCREMENT, "subject" varchar(20) NOT NULL, "score_type" varchar(10) NOT NULL, "grade" real NOT NULL, "student_id" varchar(8) NOT NULL REFERENCES "Student" ("user_id") DEFERRABLE INITIALLY DEFERRED, "semester_id" integer NOT NULL REFERENCES "semester" ("semester") DEFERRABLE INITIALLY DEFERRED);
CREATE TABLE IF NOT EXISTS "authtoken_token" ("key" varchar(40) NOT NULL PRIMARY KEY, "created" datetime NOT NULL, "user_id" varchar(8) NOT NULL UNIQUE REFERENCES "accounts_customuser" ("user_id") DEFERRABLE INITIALLY DEFERRED);
CREATE TABLE IF NOT EXISTS "django_session" ("session_key" varchar(40) NOT NULL PRIMARY KEY, "session_data" text NOT NULL, "expire_date" datetime NOT NULL);
INSERT INTO django_session VALUES('zadxasfaj09yz8byhaheziecijlat42c','.eJxVjDsOwjAQBe_iGlnY8W8p6XMGa9e7xgGUSPlUiLtDpBTQvpl5L5VxW1veFpnzwOqijDHq9LsSloeMO-I7jrdJl2lc54H0ruiDLrqfWJ7Xw_07aLi0b00lciFbXQKHNRJTVxNQcRBJUmfF-xhCtUk6ZHBS0FtmCeEswABVvT9ekTmB:1svyaa:2QzDEU0W2SivD4dqmRt7KOFA6FIHUCwDidnkDbtz5CA','2024-10-16 12:36:20.374350');
INSERT INTO django_session VALUES('u9c55aw11xw76h3smid2otj2sccm4pta','.eJxVzDsOwjAQRdG9uEZWPP4OJT1riGY8NgmgRIqTCrF3iJQC6nvee6metnXot1aWfhR1VtZ3gNaj79TpNzLlR5l2IXeabrPO87QuI-ud6KM2fZ2lPC-H_TsYqA3fdYckUAIE4shQgzdZjIcESTDbClIrR1NcIU4Go6PoamIWIJtQENX7A1InOks:1sw2E2:4PIem0IjJjrWiCpSuAyauZd7bsFb2JXYly9OksyvqFI','2024-10-16 16:29:18.363006');
INSERT INTO django_session VALUES('hrxtsiqxqqkqz2m3wq3gxx0ryfd3aal9','.eJxVjDsOwjAQBe_iGlnY8W8p6XMGa9e7xgGUSPlUiLtDpBTQvpl5L5VxW1veFpnzwOqijDHq9LsSloeMO-I7jrdJl2lc54H0ruiDLrqfWJ7Xw_07aLi0b00lciFbXQKHNRJTVxNQcRBJUmfF-xhCtUk6ZHBS0FtmCeEswABVvT9ekTmB:1sw259:FIM6PewpxLy_sZvHzBbO-bCeUh2p5mUcA0uq2KaHzRY','2024-10-16 16:20:07.060302');
CREATE TABLE IF NOT EXISTS "seating_position" ("id" integer NOT NULL PRIMARY KEY AUTOINCREMENT, "row" integer NOT NULL, "column" integer NOT NULL, "room_id" bigint NOT NULL REFERENCES "room" ("id") DEFERRABLE INITIALLY DEFERRED, "student_id" varchar(8) NOT NULL UNIQUE REFERENCES "Student" ("user_id") DEFERRABLE INITIALLY DEFERRED);
DELETE FROM sqlite_sequence;
INSERT INTO sqlite_sequence VALUES('django_migrations',28);
INSERT INTO sqlite_sequence VALUES('django_content_type',19);
INSERT INTO sqlite_sequence VALUES('auth_permission',76);
INSERT INTO sqlite_sequence VALUES('auth_group',0);
INSERT INTO sqlite_sequence VALUES('django_admin_log',0);
INSERT INTO sqlite_sequence VALUES('adminpanel_plannedlesson',1);
CREATE UNIQUE INDEX "django_content_type_app_label_model_76bd3d3b_uniq" ON "django_content_type" ("app_label", "model");
CREATE UNIQUE INDEX "auth_group_permissions_group_id_permission_id_0cd325b0_uniq" ON "auth_group_permissions" ("group_id", "permission_id");
CREATE INDEX "auth_group_permissions_group_id_b120cbf9" ON "auth_group_permissions" ("group_id");
CREATE INDEX "auth_group_permissions_permission_id_84c5c92e" ON "auth_group_permissions" ("permission_id");
CREATE UNIQUE INDEX "auth_permission_content_type_id_codename_01ab375a_uniq" ON "auth_permission" ("content_type_id", "codename");
CREATE INDEX "auth_permission_content_type_id_2f476e4b" ON "auth_permission" ("content_type_id");
CREATE UNIQUE INDEX "accounts_customuser_groups_customuser_id_group_id_c074bdcb_uniq" ON "accounts_customuser_groups" ("customuser_id", "group_id");
CREATE INDEX "accounts_customuser_groups_customuser_id_bc55088e" ON "accounts_customuser_groups" ("customuser_id");
CREATE INDEX "accounts_customuser_groups_group_id_86ba5f9e" ON "accounts_customuser_groups" ("group_id");
CREATE UNIQUE INDEX "accounts_customuser_user_permissions_customuser_id_permission_id_9632a709_uniq" ON "accounts_customuser_user_permissions" ("customuser_id", "permission_id");
CREATE INDEX "accounts_customuser_user_permissions_customuser_id_0deaefae" ON "accounts_customuser_user_permissions" ("customuser_id");
CREATE INDEX "accounts_customuser_user_permissions_permission_id_aea3d0e5" ON "accounts_customuser_user_permissions" ("permission_id");
CREATE INDEX "Student_parent_id_7c2a8a83" ON "Student" ("parent_id");
CREATE INDEX "room_homeroom_teacher_id_41c99095" ON "room" ("homeroom_teacher_id");
CREATE INDEX "Student_room_id_8973c7dc" ON "Student" ("room_id");
CREATE INDEX "django_admin_log_content_type_id_c4bce8eb" ON "django_admin_log" ("content_type_id");
CREATE INDEX "django_admin_log_user_id_c564eba6" ON "django_admin_log" ("user_id");
CREATE UNIQUE INDEX "adminpanel_plannedlesson_subject_semester_id_lesson_number_4d4a5a62_uniq" ON "adminpanel_plannedlesson" ("subject", "semester_id", "lesson_number");
CREATE INDEX "adminpanel_plannedlesson_semester_id_2e231abc" ON "adminpanel_plannedlesson" ("semester_id");
CREATE INDEX "adminpanel_lesson_room_id_2a2ef0f9" ON "adminpanel_lesson" ("room_id");
CREATE INDEX "adminpanel_lesson_teacher_id_ababd68e" ON "adminpanel_lesson" ("teacher_id");
CREATE INDEX "adminpanel_lesson_planned_lesson_id_6f391655" ON "adminpanel_lesson" ("planned_lesson_id");
CREATE INDEX "adminpanel_lesson_semester_id_2abefe9c" ON "adminpanel_lesson" ("semester_id");
CREATE INDEX "study_week_semester_id_fecd659b" ON "study_week" ("semester_id");
CREATE UNIQUE INDEX "grades_student_id_subject_7a2b5e0e_uniq" ON "grades" ("student_id", "subject");
CREATE INDEX "grades_student_id_b4547c24" ON "grades" ("student_id");
CREATE INDEX "grades_semester_id_ac5d5d5e" ON "grades" ("semester_id");
CREATE INDEX "django_session_expire_date_a5c62663" ON "django_session" ("expire_date");
CREATE UNIQUE INDEX "seating_position_room_id_row_column_d654cdb0_uniq" ON "seating_position" ("room_id", "row", "column");
CREATE INDEX "seating_position_room_id_9483384c" ON "seating_position" ("room_id");
COMMIT;
